id,start_datetime,event_cause,corridor,actual_min,predicted_min,abs_error_min
FKID001507,2024-03-15 19:27:28.531000+00:00,vehicle_breakdown,ORR North 1,5.132183783333333,49.829047810411424,44.69686402707809
FKID001520,2024-03-15 20:27:14.925000+00:00,tree_fall,Non-corridor,48.916281016666666,152.58222834157095,103.6659473249043
FKID001530,2024-03-15 20:51:48.132000+00:00,vehicle_breakdown,Non-corridor,136.8639617,47.0629681789708,89.8009935210292
FKID001543,2024-03-15 22:35:27.470000+00:00,vehicle_breakdown,Bellary Road 2,9.070594583333333,65.49023563964566,56.41964105631233
FKID001548,2024-03-15 22:35:58.122000+00:00,vehicle_breakdown,Non-corridor,126.48344196666667,62.02364847547742,64.45979349118926
FKID001547,2024-03-15 23:00:51.904000+00:00,vehicle_breakdown,Mysore Road,41.391337183333334,21.299156022793678,20.092181160539656
FKID001560,2024-03-16 01:15:37.317000+00:00,vehicle_breakdown,Magadi Road,21.802958333333333,38.62424976671683,16.821291433383497
FKID001559,2024-03-16 01:16:51.111000+00:00,vehicle_breakdown,Magadi Road,17.968402516666668,39.4170768206503,21.448674303983633
FKID001564,2024-03-16 02:00:18.474000+00:00,vehicle_breakdown,Magadi Road,23.663874933333332,45.710141593630645,22.046266660297313
FKID001567,2024-03-16 02:01:35.969000+00:00,vehicle_breakdown,Magadi Road,79.74376296666667,43.96639571566494,35.77736725100173
FKID001566,2024-03-16 02:09:44.491000+00:00,vehicle_breakdown,Mysore Road,58.13958933333333,21.372899969347092,36.766689363986245
FKID001571,2024-03-16 02:40:25.936000+00:00,vehicle_breakdown,Non-corridor,161.71242263333335,76.6125384368723,85.09988419646105
FKID001604,2024-03-16 05:08:06.296000+00:00,vehicle_breakdown,Non-corridor,13.157230550000001,72.88675457471857,59.729524024718565
FKID001630,2024-03-16 08:05:27.828000+00:00,others,Bellary Road 1,27.545034283333333,219.59904717050227,192.05401288716894
FKID001695,2024-03-16 10:49:01.596000+00:00,vehicle_breakdown,Non-corridor,70.09457578333333,35.884975579871586,34.20960020346174
FKID001704,2024-03-16 18:15:54.107000+00:00,vehicle_breakdown,Tumkur Road,118.72338911666667,26.12407436972987,92.5993147469368
FKID001705,2024-03-16 18:23:58.946000+00:00,tree_fall,Bellary Road 1,20.54189726666667,149.38179801587907,128.8399007492124
FKID001713,2024-03-16 18:51:13.940000+00:00,vehicle_breakdown,Tumkur Road,66.27881596666667,24.855111003983517,41.42370496268315
FKID001716,2024-03-16 20:02:17.413000+00:00,vehicle_breakdown,Non-corridor,36.20208975,43.81425005448138,7.612160304481378
FKID001730,2024-03-16 21:05:41.817000+00:00,vehicle_breakdown,Tumkur Road,43.37783213333333,22.85612291408913,20.521709219244197
FKID001750,2024-03-16 22:35:16.313000+00:00,vehicle_breakdown,Non-corridor,14.166123566666666,44.80794754339172,30.641823976725053
FKID001770,2024-03-16 23:09:35.895000+00:00,road_conditions,Bellary Road 1,175.50373811666665,77.33461537952469,98.16912273714196
FKID001774,2024-03-17 00:46:02.983000+00:00,vehicle_breakdown,Mysore Road,94.07856273333333,16.141942721561932,77.9366200117714
FKID001788,2024-03-17 02:21:57.769000+00:00,vehicle_breakdown,ORR North 2,107.86730428333334,26.794832743552895,81.07247153978045
FKID001796,2024-03-17 02:55:11.771000+00:00,vehicle_breakdown,Non-corridor,38.377358533333336,43.02585875935562,4.648500226022286
FKID001809,2024-03-17 05:17:05.733000+00:00,vehicle_breakdown,Mysore Road,39.481431066666666,22.883487259801356,16.59794380686531
FKID001826,2024-03-17 08:29:49.921000+00:00,others,Non-corridor,4.885507283333333,118.24494771449986,113.35944043116652
FKID001839,2024-03-17 10:32:17.200000+00:00,vehicle_breakdown,ORR North 2,12.689850833333333,25.250857546231792,12.56100671289846
FKID001844,2024-03-17 11:08:08.185000+00:00,vehicle_breakdown,Tumkur Road,60.872188933333334,29.27455294383311,31.597635989500223
FKID001870,2024-03-17 21:06:54.201000+00:00,vehicle_breakdown,Non-corridor,43.907065366666664,42.78299591785429,1.124069448812378
FKID002022,2024-03-17 23:09:56.622000+00:00,vehicle_breakdown,Tumkur Road,71.25627258333334,21.183199176172167,50.073073407161175
FKID002025,2024-03-17 23:30:38.833000+00:00,vehicle_breakdown,Non-corridor,66.43240593333333,51.36899228536174,15.063413647971586
FKID002038,2024-03-18 02:17:44.238000+00:00,others,Non-corridor,60.46577085,105.77856714576966,45.31279629576966
FKID002041,2024-03-18 02:22:52.686000+00:00,vehicle_breakdown,Non-corridor,55.35562983333333,64.4461456827989,9.090515849465568
FKID002052,2024-03-18 03:22:00.195000+00:00,vehicle_breakdown,Bannerghata Road,86.29304546666667,44.46001982357686,41.83302564308981
FKID002070,2024-03-18 09:31:05.265000+00:00,vehicle_breakdown,Tumkur Road,7.989997,28.16376481318334,20.173767813183343
FKID002106,2024-03-18 21:31:29.263000+00:00,water_logging,Non-corridor,123.31325763333332,106.79410076375177,16.51915686958155
FKID002134,2024-03-19 00:47:14.630000+00:00,vehicle_breakdown,Non-corridor,38.49233733333333,56.19708182952054,17.70474449618721
FKID002136,2024-03-19 00:50:58.357000+00:00,vehicle_breakdown,IRR(Thanisandra road),91.30090236666666,35.13270211846383,56.16820024820283
FKID002145,2024-03-19 02:18:17.506000+00:00,vehicle_breakdown,Bellary Road 2,59.57834488333333,39.001989707583284,20.576355175750045
FKID002156,2024-03-19 03:47:02.942000+00:00,vehicle_breakdown,Non-corridor,13.267902833333332,57.6985597015899,44.43065686825657
FKID002175,2024-03-19 04:35:13.691000+00:00,vehicle_breakdown,Non-corridor,6.593964850000001,48.806861638421054,42.212896788421055
FKID002190,2024-03-19 05:37:53.868000+00:00,others,Bellary Road 1,122.96864301666666,155.7921356164316,32.82349259976495
FKID002191,2024-03-19 05:56:07.476000+00:00,vehicle_breakdown,Old Airport Road,113.27622685,49.525489699738245,63.750737150261756
FKID002207,2024-03-19 06:05:44.210000+00:00,vehicle_breakdown,Tumkur Road,84.46969001666666,29.424138682732043,55.04555133393462
FKID002205,2024-03-19 06:46:28.085000+00:00,vehicle_breakdown,Bannerghata Road,35.7911427,61.5438095183962,25.7526668183962
FKID002223,2024-03-19 10:41:29.927000+00:00,vehicle_breakdown,Tumkur Road,105.15403339999999,31.82414010574797,73.32989329425202
FKID002226,2024-03-19 19:23:09.958000+00:00,vehicle_breakdown,Mysore Road,97.20824538333333,38.18463197517966,59.02361340815367
FKID002236,2024-03-19 19:25:44.802000+00:00,vehicle_breakdown,Bellary Road 1,25.963968299999998,45.636451735060014,19.672483435060016
FKID002235,2024-03-19 19:42:05.882000+00:00,vehicle_breakdown,ORR North 1,76.73107366666666,31.490308764635312,45.240764902031344
FKID002244,2024-03-19 20:00:06.346000+00:00,vehicle_breakdown,Hosur Road,21.590795766666666,38.96225318658234,17.37145741991567
FKID002249,2024-03-19 20:50:26.978000+00:00,vehicle_breakdown,Non-corridor,149.32047236666668,41.91502397593082,107.40544839073586
FKID002254,2024-03-19 21:57:13.190000+00:00,procession,Non-corridor,6.63138725,139.13539207328716,132.50400482328718
FKID002261,2024-03-19 22:37:55.794000+00:00,vehicle_breakdown,ORR East 1,10.150801150000001,51.51390289480882,41.36310174480882
FKID002264,2024-03-19 22:46:18.266000+00:00,vehicle_breakdown,ORR East 1,146.0768349,46.084170785178785,99.99266411482121
FKID002270,2024-03-19 23:34:02.261000+00:00,vehicle_breakdown,Non-corridor,56.471942150000004,55.21600690904294,1.255935240957065
FKID002278,2024-03-20 01:05:02.073000+00:00,vehicle_breakdown,Mysore Road,2.348085033333333,22.39418684070461,20.046101807371276
FKID002276,2024-03-20 01:35:40.418000+00:00,vehicle_breakdown,Mysore Road,63.264801049999996,15.442819356258873,47.82198169374112
FKID002286,2024-03-20 03:59:55.101000+00:00,tree_fall,Non-corridor,16.442733933333333,87.36752423287415,70.92479029954082
FKID002304,2024-03-20 04:41:15.930000+00:00,vehicle_breakdown,Mysore Road,44.60061098333333,31.50373951153838,13.096871471794952
FKID002311,2024-03-20 05:30:45.183000+00:00,tree_fall,Tumkur Road,239.99684209999998,83.21962992751757,156.7772121724824
FKID002334,2024-03-20 06:55:43.492000+00:00,vehicle_breakdown,ORR East 2,18.770652916666666,54.852755618919524,36.082102702252854
FKID002348,2024-03-20 07:56:10.351000+00:00,pot_holes,CBD 2,1.5017334166666667,122.58965776273133,121.08792434606467
FKID002349,2024-03-20 08:48:15.098000+00:00,vehicle_breakdown,Magadi Road,32.257464766666665,47.54025583673055,15.282791070063887
FKID002367,2024-03-20 19:11:13.586000+00:00,vehicle_breakdown,Mysore Road,78.09311583333333,41.02785802806088,37.06525780527245
FKID002368,2024-03-20 19:44:39.900000+00:00,accident,ORR North 1,34.21685993333333,36.6158199530477,2.398960019714366
FKID002401,2024-03-20 23:22:01.327000+00:00,vehicle_breakdown,Non-corridor,84.40798688333332,38.6690911231395,45.73889576019382
FKID002414,2024-03-20 23:43:02.708000+00:00,vehicle_breakdown,Tumkur Road,12.03063225,14.95254354445156,2.9219112944515597
FKID002420,2024-03-21 00:26:55.090000+00:00,vehicle_breakdown,West of Chord Road,29.734221366666667,29.715820561407593,0.018400805259073394
FKID002434,2024-03-21 01:36:59.400000+00:00,others,Mysore Road,6.82868555,89.6659916937974,82.83730614379739
FKID002437,2024-03-21 03:25:51.791000+00:00,vehicle_breakdown,Non-corridor,54.46608108333333,52.37774847588881,2.0883326074445208
FKID002444,2024-03-21 05:09:49.160000+00:00,vehicle_breakdown,Bellary Road 1,86.78634966666667,52.73453180194163,34.05181786472504
FKID002446,2024-03-21 05:21:52.939000+00:00,vehicle_breakdown,Non-corridor,81.11977473333333,43.18883309205297,37.93094164128036
FKID002453,2024-03-21 05:40:13.767000+00:00,vehicle_breakdown,Non-corridor,30.47674805,44.587605567035986,14.110857517035985
FKID002466,2024-03-21 06:15:17.349000+00:00,vehicle_breakdown,Non-corridor,55.092613899999996,42.01099518048559,13.08161871951441
FKID002455,2024-03-21 06:23:34.002000+00:00,vehicle_breakdown,Magadi Road,67.566669,55.42188531442002,12.144783685579988
FKID002467,2024-03-21 06:44:02.169000+00:00,vehicle_breakdown,Mysore Road,9.4180207,43.28240515999155,33.86438445999155
FKID002476,2024-03-21 07:13:03.433000+00:00,vehicle_breakdown,ORR West 1,47.0778124,60.60290663968198,13.525094239681984
FKID002477,2024-03-21 07:58:30.835000+00:00,vehicle_breakdown,Mysore Road,43.93709355,30.57395388723853,13.36313966276147
FKID002505,2024-03-21 20:31:17.624000+00:00,vehicle_breakdown,Tumkur Road,17.37361458333333,42.65332435036328,25.279709767029946
FKID002506,2024-03-21 21:06:59.754000+00:00,vehicle_breakdown,Non-corridor,137.26294234999997,38.48511234120468,98.77783000879529
FKID002521,2024-03-21 21:43:09.130000+00:00,vehicle_breakdown,Non-corridor,12.261251683333334,42.784906375131456,30.52365469179812
FKID002528,2024-03-21 22:26:57.605000+00:00,vehicle_breakdown,Bellary Road 1,14.07579545,25.549046330389714,11.473250880389715
FKID002532,2024-03-21 22:47:23.233000+00:00,vehicle_breakdown,ORR East 1,21.646528683333333,52.07684292831159,30.43031424497826
FKID002544,2024-03-21 23:16:29.486000+00:00,vehicle_breakdown,Non-corridor,20.05264845,23.42298951676711,3.3703410667671108
FKID002542,2024-03-22 00:18:05.429000+00:00,vehicle_breakdown,Non-corridor,39.91352521666667,40.04692040927825,0.13339519261158017
FKID002556,2024-03-22 01:21:53.829000+00:00,vehicle_breakdown,Tumkur Road,23.556338,32.53862930872059,8.982291308720587
FKID002560,2024-03-22 04:49:19.519000+00:00,congestion,Hennur Main Road,157.83113301666666,118.69215468615195,39.1389783305147
FKID002569,2024-03-22 06:17:24.552000+00:00,vehicle_breakdown,Non-corridor,19.4802817,63.22741816344848,43.747136463448484
FKID002573,2024-03-22 06:34:52.015000+00:00,vehicle_breakdown,Mysore Road,112.59205778333333,52.72798789187964,59.86406989145369
FKID002585,2024-03-22 18:23:00.443000+00:00,vehicle_breakdown,ORR North 2,41.89284255,30.265090172651437,11.62775237734856
FKID002598,2024-03-22 19:54:55.533000+00:00,tree_fall,Non-corridor,48.95543648333333,72.15950565327543,23.204069169942102
FKID002592,2024-03-22 20:06:39.956000+00:00,others,ORR West 1,20.280152166666667,114.27494584359968,93.99479367693301
FKID002599,2024-03-22 21:08:16.446000+00:00,vehicle_breakdown,Bellary Road 1,9.997270066666665,49.0605312976025,39.06326123093584
FKID002614,2024-03-22 21:42:58.315000+00:00,vehicle_breakdown,Bellary Road 1,4.05119445,34.76216325138537,30.710968801385366
FKID002626,2024-03-22 23:12:47.141000+00:00,vehicle_breakdown,Mysore Road,31.87520885,33.838407534627564,1.9631986846275638
FKID002627,2024-03-22 23:28:16.150000+00:00,vehicle_breakdown,Old Madras Road,78.34826575000001,36.6173846537297,41.73088109627031
FKID002630,2024-03-23 00:03:01.971000+00:00,vehicle_breakdown,ORR North 2,29.89324733333333,29.252691183453642,0.6405561498796892
FKID002634,2024-03-23 00:59:18.277000+00:00,vehicle_breakdown,Non-corridor,26.941963933333334,28.19207815113687,1.2501142178035352
FKID002643,2024-03-23 01:05:10.941000+00:00,vehicle_breakdown,Tumkur Road,22.34844435,35.26965371019656,12.921209360196556
FKID002651,2024-03-23 02:38:35.087000+00:00,vehicle_breakdown,Non-corridor,158.45544278333332,42.45055325613313,116.00488952720019
FKID002660,2024-03-23 05:38:26.155000+00:00,vehicle_breakdown,Non-corridor,70.00693796666665,37.3301868722877,32.67675109437896
FKID002699,2024-03-23 07:01:09.209000+00:00,vehicle_breakdown,ORR West 1,84.86862455,77.58844251233991,7.280182037660097
FKID002703,2024-03-23 10:54:09.828000+00:00,tree_fall,Non-corridor,412.24392695,50.59799801634581,361.6459289336542
FKID002709,2024-03-23 19:14:38.140000+00:00,vehicle_breakdown,Tumkur Road,29.151570016666668,35.69678725893343,6.545217242266766
FKID002712,2024-03-23 19:14:40.689000+00:00,accident,Bellary Road 1,47.199177299999995,57.63123536550562,10.432058065505622
FKID002711,2024-03-23 19:20:00.045000+00:00,vehicle_breakdown,ORR North 1,36.730649516666666,30.47971961367328,6.250929902993388
FKID002710,2024-03-23 19:24:24.897000+00:00,vehicle_breakdown,Mysore Road,22.22487305,34.84294920171373,12.61807615171373
FKID002736,2024-03-23 21:41:55.873000+00:00,accident,Non-corridor,8.980089583333333,34.41769206887406,25.43760248554073
FKID002758,2024-03-23 22:13:01.109000+00:00,others,Non-corridor,1291.4888951166665,88.46115979946215,1203.0277353172044
FKID002765,2024-03-23 23:22:10.356000+00:00,vehicle_breakdown,West of Chord Road,72.65351976666668,29.187815047139654,43.465704719527025
FKID002768,2024-03-24 00:24:26.981000+00:00,vehicle_breakdown,Mysore Road,8.7606476,20.66891190061158,11.90826430061158
FKID002786,2024-03-24 04:58:13.522000+00:00,vehicle_breakdown,Bannerghata Road,146.04922566666667,33.100321589769415,112.94890407689726
FKID002795,2024-03-24 05:42:05.534000+00:00,vehicle_breakdown,Bellary Road 2,14.264672216666666,32.85476618482155,18.590093968154882
FKID002797,2024-03-24 05:50:20.839000+00:00,vehicle_breakdown,Tumkur Road,108.20570536666668,37.92047090384607,70.2852344628206
FKID002823,2024-03-24 07:49:41.393000+00:00,vehicle_breakdown,Mysore Road,93.48512965,53.85968296301932,39.62544668698069
FKID002814,2024-03-24 07:49:41.393000+00:00,vehicle_breakdown,Non-corridor,1.7176543333333332,36.005321850224156,34.28766751689082
FKID002846,2024-03-24 09:05:42.473000+00:00,vehicle_breakdown,ORR East 1,16.044057783333333,37.53194093113869,21.48788314780536
FKID002849,2024-03-24 09:22:44.457000+00:00,vehicle_breakdown,Bannerghata Road,34.15102665,41.03846063779331,6.887433987793308
FKID002848,2024-03-24 09:23:28.548000+00:00,vehicle_breakdown,Non-corridor,29.089931583333335,27.542674190120263,1.5472573932130729
FKID002851,2024-03-24 10:28:49.698000+00:00,vehicle_breakdown,Tumkur Road,91.52639778333334,29.009835002158514,62.51656278117483
FKID002857,2024-03-24 20:39:15.790000+00:00,vehicle_breakdown,Mysore Road,35.252319033333336,60.27441010719045,25.022091073857112
FKID002877,2024-03-24 21:25:27.053000+00:00,others,Tumkur Road,61.567407450000005,105.4512612980117,43.8838538480117
FKID002861,2024-03-24 21:39:30.020000+00:00,vehicle_breakdown,Tumkur Road,6.159646333333333,28.33783642429949,22.178190090966154
FKID002890,2024-03-24 23:24:28.283000+00:00,others,Mysore Road,16.937478916666667,131.27154522141163,114.33406630474497
FKID002893,2024-03-25 00:05:25.424000+00:00,vehicle_breakdown,Old Madras Road,41.53308571666666,42.93381011598244,1.4007243993157772
FKID002897,2024-03-25 00:53:19.534000+00:00,tree_fall,Non-corridor,76.98202371666666,68.89379764691355,8.088226069753105
FKID002904,2024-03-25 02:13:31.756000+00:00,vehicle_breakdown,Non-corridor,133.49633208333333,45.07428411571852,88.42204796761482
FKID002910,2024-03-25 02:22:58.577000+00:00,vehicle_breakdown,Mysore Road,32.21089145,28.32251840333849,3.88837304666151
FKID002920,2024-03-25 03:50:20.226000+00:00,vehicle_breakdown,Hosur Road,133.745803,66.8927004955797,66.85310250442029
FKID002918,2024-03-25 04:27:37.575000+00:00,vehicle_breakdown,Non-corridor,9.313865683333335,49.52742320557876,40.21355752224543
FKID002922,2024-03-25 07:01:37.036000+00:00,vehicle_breakdown,Non-corridor,18.826966283333334,44.32273064585623,25.4957643625229
FKID002935,2024-03-25 11:44:20.768000+00:00,vehicle_breakdown,Bellary Road 1,12.157235616666666,36.44218048179383,24.28494486512716
FKID002937,2024-03-25 17:38:51.282000+00:00,vehicle_breakdown,Non-corridor,162.0998554,37.71242814551369,124.38742725448631
FKID002938,2024-03-25 18:57:53.865000+00:00,vehicle_breakdown,Varthur Road,9.947234283333334,40.648347135699645,30.70111285236631
FKID002947,2024-03-25 20:34:48.662000+00:00,vehicle_breakdown,Hosur Road,21.60461613333333,38.582351704171124,16.977735570837794
FKID002950,2024-03-25 21:47:53.098000+00:00,vehicle_breakdown,Tumkur Road,18.087688816666667,23.890326392413503,5.802637575746836
FKID002962,2024-03-25 21:49:59.210000+00:00,vehicle_breakdown,Non-corridor,43.03527413333334,35.785573983272236,7.249700150061102
FKID002963,2024-03-25 21:54:28.092000+00:00,vehicle_breakdown,Non-corridor,79.89617193333333,33.72382527264372,46.17234666068961
FKID002972,2024-03-25 22:23:24.035000+00:00,others,ORR East 2,91.73039343333333,107.30080800467437,15.570414571341033
FKID002977,2024-03-26 00:07:44.422000+00:00,vehicle_breakdown,West of Chord Road,26.33293743333333,33.934832982060996,7.601895548727665
FKID002982,2024-03-26 02:38:08.692000+00:00,vehicle_breakdown,ORR East 2,21.892671399999998,62.72340700234281,40.83073560234281
FKID002990,2024-03-26 03:34:06.446000+00:00,vehicle_breakdown,Non-corridor,24.384054283333334,52.8682258745895,28.484171591256164
FKID002988,2024-03-26 04:07:29.183000+00:00,vehicle_breakdown,ORR East 1,15.380214683333332,50.1926576153819,34.81244293204857
FKID002994,2024-03-26 04:24:41.419000+00:00,vehicle_breakdown,IRR(Thanisandra road),19.590632416666665,41.04089567905633,21.45026326238966
FKID002993,2024-03-26 04:35:51.261000+00:00,water_logging,Old Madras Road,34.37859473333333,90.53508249642795,56.15648776309462
FKID002995,2024-03-26 04:38:58.645000+00:00,water_logging,Old Madras Road,48.38724398333333,95.61362660744038,47.22638262410705
FKID002997,2024-03-26 04:41:29.516000+00:00,water_logging,Non-corridor,171.4411991,53.14410639207059,118.29709270792941
FKID003004,2024-03-26 04:42:47.931000+00:00,water_logging,Non-corridor,389.9546150833333,52.54787691579389,337.4067381675394
FKID003000,2024-03-26 04:43:46.232000+00:00,water_logging,Mysore Road,106.8736322,129.31134701369493,22.437714813694924
FKID003003,2024-03-26 04:45:01.257000+00:00,water_logging,Mysore Road,77.6084918,115.97386862242183,38.36537682242184
FKID003006,2024-03-26 04:48:15.987000+00:00,water_logging,Mysore Road,25.367189333333332,105.58725353936171,80.22006420602838
FKID003008,2024-03-26 04:48:52.183000+00:00,water_logging,Bellary Road 1,38.08992445,156.24416542459653,118.15424097459653
FKID003011,2024-03-26 04:50:06.556000+00:00,water_logging,Bellary Road 1,47.5818911,153.791955348017,106.210064248017
FKID002999,2024-03-26 04:50:51.053000+00:00,water_logging,West of Chord Road,79.3147058,84.92366663572686,5.608960835726862
FKID003013,2024-03-26 04:57:36.348000+00:00,tree_fall,West of Chord Road,72.68515286666667,86.23899084646257,13.553837979795901
FKID003017,2024-03-26 05:00:36.512000+00:00,water_logging,Non-corridor,230.7993599,46.637875240387366,184.16148465961265
FKID003022,2024-03-26 05:02:41.309000+00:00,accident,Non-corridor,42.8945817,67.72036449622617,24.825782796226164
FKID003021,2024-03-26 05:10:06.110000+00:00,water_logging,Non-corridor,24.846647383333334,44.97881372771576,20.132166344382426
FKID003023,2024-03-26 05:12:02.328000+00:00,water_logging,Non-corridor,57.1615183,51.771426759298585,5.3900915407014125
FKID003026,2024-03-26 05:18:59.663000+00:00,water_logging,ORR North 1,997.1460983833333,68.84509586126728,928.301002522066
FKID003024,2024-03-26 05:30:28.720000+00:00,water_logging,Mysore Road,324.67876015,83.83312399035314,240.84563615964686
FKID003025,2024-03-26 05:31:06.393000+00:00,water_logging,ORR North 1,984.9738974833333,68.8894410255398,916.0844564577935
FKID003030,2024-03-26 05:31:19.848000+00:00,tree_fall,ORR North 1,191.90470683333334,74.22344823898952,117.68125859434382
FKID003038,2024-03-26 05:31:20.069000+00:00,water_logging,Tumkur Road,1325.1664012074991,92.36648385649507,1232.799917351004
FKID003035,2024-03-26 05:33:04.122000+00:00,tree_fall,Magadi Road,9.963474483333332,92.2597431425408,82.29626865920747
FKID003042,2024-03-26 05:33:55.614000+00:00,road_conditions,Bellary Road 2,58.722754933333334,142.81786544144612,84.09511050811278
FKID003036,2024-03-26 05:34:20.233000+00:00,tree_fall,Airport New South Road,18.271439616666665,151.347315870729,133.07587625406234
FKID003037,2024-03-26 05:48:29.568000+00:00,tree_fall,Non-corridor,81.05660200000001,100.81630864420197,19.759706644201955
FKID003047,2024-03-26 06:07:14.515000+00:00,pot_holes,ORR North 1,135.51806013333334,75.30727011309398,60.21079002023936
FKID003057,2024-03-26 06:36:21.487000+00:00,vehicle_breakdown,Non-corridor,6.703687566666667,49.22298643961199,42.51929887294532
FKID003061,2024-03-26 06:41:58.329000+00:00,vehicle_breakdown,ORR North 1,100.7026763,36.22698071308355,64.47569558691644
FKID003063,2024-03-26 07:05:31.449000+00:00,vehicle_breakdown,Magadi Road,46.057772066666665,45.78911966583892,0.26865240082774733
FKID003066,2024-03-26 07:10:09.359000+00:00,others,ORR West 1,36.40983923333333,131.28226168006145,94.87242244672812
FKID003067,2024-03-26 08:02:30.124000+00:00,vehicle_breakdown,Hosur Road,82.93424305,40.39049863091542,42.54374441908459
FKID003068,2024-03-26 08:12:50.932000+00:00,vehicle_breakdown,Non-corridor,84.77698231666666,79.81197845109905,4.96500386556761
FKID003071,2024-03-26 18:14:39.197000+00:00,vehicle_breakdown,ORR East 2,25.358829383333333,53.2318652124131,27.873035829079765
FKID003072,2024-03-26 18:25:21.420000+00:00,vehicle_breakdown,ORR North 1,124.40155733333333,26.43667888206625,97.96487845126708
FKID003079,2024-03-26 20:33:12.874000+00:00,tree_fall,Bellary Road 1,115.15186836666666,112.29579368527006,2.8560746813966063
FKID003083,2024-03-26 20:48:43.695000+00:00,vehicle_breakdown,ORR West 1,73.03041763333334,51.31107319244975,21.719344440883596
FKID003080,2024-03-26 20:59:31.854000+00:00,vehicle_breakdown,Mysore Road,25.9249495,28.878920173848154,2.953970673848154
FKID003076,2024-03-26 21:16:15.740000+00:00,vehicle_breakdown,Tumkur Road,5.308476433333333,36.1570156626092,30.848539229275865
FKID003078,2024-03-26 21:25:56.492000+00:00,water_logging,Non-corridor,230.06940948333335,98.54519085938917,131.5242186239442
FKID003087,2024-03-26 21:48:56.925000+00:00,tree_fall,Non-corridor,173.99265736666666,155.9870755055808,18.005581861085858
FKID003092,2024-03-26 23:04:31.291000+00:00,vehicle_breakdown,Bellary Road 1,16.297705333333333,19.679608848822483,3.3819035154891495
FKID003095,2024-03-26 23:52:20.512000+00:00,vehicle_breakdown,Mysore Road,6.283415033333333,24.099934593326118,17.816519559992784
FKID003096,2024-03-26 23:55:39.238000+00:00,vehicle_breakdown,Mysore Road,59.30142481666667,23.804689215038252,35.496735601628416
FKID003108,2024-03-27 02:11:55.635000+00:00,others,Non-corridor,88.10845821666666,72.05617281738019,16.052285399286475
FKID003107,2024-03-27 03:44:19.365000+00:00,vehicle_breakdown,ORR East 2,33.80299288333333,71.11654141401698,37.31354853068365
FKID003109,2024-03-27 03:54:03.373000+00:00,vehicle_breakdown,ORR East 1,64.20612750000001,54.71506414147074,9.491063358529267
FKID003112,2024-03-27 04:54:47.250000+00:00,vehicle_breakdown,Non-corridor,11.605493183333333,42.03043851835459,30.42494533502126
FKID003114,2024-03-27 05:11:50.118000+00:00,vehicle_breakdown,Bellary Road 1,6.5536546666666675,54.18575152914801,47.63209686248134
FKID003117,2024-03-27 05:49:14.093000+00:00,others,Non-corridor,17.946091666666668,54.74728324629115,36.80119157962448
FKID003118,2024-03-27 06:01:53.683000+00:00,vehicle_breakdown,Bellary Road 2,21.91443695,45.31440679448225,23.399969844482253
FKID003131,2024-03-27 18:49:12.452000+00:00,vehicle_breakdown,ORR North 1,35.82966003333333,27.91299812176887,7.916661911564464
FKID003132,2024-03-27 19:33:35.791000+00:00,vehicle_breakdown,Bellary Road 1,23.154083816666667,46.010117156443876,22.85603333977721
FKID003138,2024-03-27 21:43:25.072000+00:00,vehicle_breakdown,Old Madras Road,13.457770483333332,41.9207530249177,28.462982541584367
FKID003141,2024-03-27 21:59:05.974000+00:00,vehicle_breakdown,Non-corridor,51.76279426666667,56.67057258793267,4.907778321266001
FKID003148,2024-03-28 01:22:36.518000+00:00,vehicle_breakdown,IRR(Thanisandra road),18.787546516666666,40.88574110295415,22.098194586287484
FKID003150,2024-03-28 01:36:14.353000+00:00,vehicle_breakdown,CBD 1,44.654022250000004,53.73240979014114,9.078387540141136
FKID003152,2024-03-28 03:11:56.693000+00:00,vehicle_breakdown,ORR East 1,76.91394981666667,62.50449655429775,14.40945326236892
FKID003157,2024-03-28 03:38:37.164000+00:00,vehicle_breakdown,Mysore Road,17.55729665,28.916583437421473,11.359286787421471
FKID003156,2024-03-28 04:03:07.193000+00:00,vehicle_breakdown,Non-corridor,16.368508033333335,31.222623982247228,14.854115948913893
FKID003161,2024-03-28 04:42:49.427000+00:00,others,Non-corridor,51.695509916666666,61.003450857615654,9.307940940948988
FKID003164,2024-03-28 05:42:24.856000+00:00,vehicle_breakdown,ORR North 2,23.54380595,32.45819081726772,8.91438486726772
FKID003166,2024-03-28 06:18:15.958000+00:00,vehicle_breakdown,Hosur Road,65.48031155,53.86386450637776,11.616447043622237
FKID003170,2024-03-28 07:16:35.074000+00:00,vehicle_breakdown,Non-corridor,66.91385481666667,50.7309400336968,16.182914782969874
FKID003172,2024-03-28 07:54:10.726000+00:00,others,Non-corridor,9.63680495,55.67919773525243,46.04239278525243
FKID003191,2024-03-28 20:44:13.827000+00:00,vehicle_breakdown,Old Madras Road,36.214431233333336,36.44791826995721,0.2334870366238775
FKID003190,2024-03-28 20:45:10.408000+00:00,vehicle_breakdown,ORR East 1,30.901282016666666,42.2331709129304,11.331888896263731
FKID003200,2024-03-28 21:32:51.691000+00:00,vehicle_breakdown,Hosur Road,99.30421715000001,49.68727652902624,49.61694062097377
FKID003195,2024-03-28 21:42:19.589000+00:00,vehicle_breakdown,Tumkur Road,49.94344546666667,30.595663876313136,19.34778159035353
FKID003199,2024-03-28 21:48:01.012000+00:00,tree_fall,Non-corridor,59.84010705,103.29135743551929,43.45125038551929
FKID003198,2024-03-28 22:16:48.686000+00:00,pot_holes,Non-corridor,19.206614733333332,97.45163246026321,78.24501772692989
FKID003206,2024-03-28 22:17:35.139000+00:00,pot_holes,Non-corridor,18.3650141,97.45163246026321,79.08661836026322
FKID003201,2024-03-28 22:18:23.151000+00:00,pot_holes,Non-corridor,17.4932504,97.45163246026321,79.9583820602632
FKID003205,2024-03-28 22:18:48.995000+00:00,pot_holes,Non-corridor,16.9942509,96.32213557885386,79.32788467885386
FKID003204,2024-03-28 22:19:18.959000+00:00,pot_holes,Non-corridor,16.411283,96.32213557885386,79.91085257885386
FKID003203,2024-03-28 22:20:08.967000+00:00,pot_holes,Non-corridor,15.4770977,96.32213557885386,80.84503787885386
FKID003202,2024-03-28 22:20:36.720000+00:00,pot_holes,Non-corridor,14.928576566666667,96.32213557885386,81.3935590121872
FKID003207,2024-03-28 22:21:09.538000+00:00,pot_holes,Non-corridor,14.3002825,96.32213557885386,82.02185307885387
FKID003210,2024-03-28 22:22:18.479000+00:00,pot_holes,Non-corridor,13.0632383,96.32213557885386,83.25889727885387
FKID003209,2024-03-28 22:22:43.092000+00:00,pot_holes,Non-corridor,12.506670883333333,96.32213557885386,83.81546469552053
FKID003215,2024-03-28 22:22:47.576000+00:00,vehicle_breakdown,Tumkur Road,47.03375918333334,42.578768928168586,4.454990255164752
FKID003212,2024-03-28 22:24:36.774000+00:00,pot_holes,Non-corridor,9.87261625,97.64094827461788,87.76833202461788
FKID003211,2024-03-28 22:25:19.623000+00:00,pot_holes,Non-corridor,9.021900033333333,97.64094827461788,88.61904824128455
FKID003217,2024-03-29 00:36:43.946000+00:00,vehicle_breakdown,Non-corridor,129.54430614999998,52.254601856141655,77.28970429385834
FKID003222,2024-03-29 01:16:45.716000+00:00,vehicle_breakdown,Non-corridor,30.303397416666666,44.0992282931133,13.795830876446633
FKID003223,2024-03-29 02:09:21.349000+00:00,vehicle_breakdown,Tumkur Road,45.28342463333333,43.75570216393522,1.527722469398114
FKID003236,2024-03-29 06:34:03.774000+00:00,vehicle_breakdown,ORR East 1,18.49158505,57.3300888220058,38.838503772005794
FKID003237,2024-03-29 06:36:02.694000+00:00,tree_fall,Non-corridor,123.11069673333333,42.89467364973213,80.2160230836012
FKID003238,2024-03-29 06:37:35.915000+00:00,tree_fall,ORR North 1,27.822454966666665,86.35021892053607,58.527763953869396
FKID003242,2024-03-29 06:38:27.473000+00:00,vehicle_breakdown,ORR East 1,147.82595933333332,69.24323458839905,78.58272474493427
FKID003240,2024-03-29 06:38:59.481000+00:00,vehicle_breakdown,Non-corridor,29.09114751666667,42.01126398899318,12.920116472326509
FKID003241,2024-03-29 06:41:06.268000+00:00,tree_fall,Airport New South Road,55.80160463333333,141.55197011880523,85.75036548547189
FKID003248,2024-03-29 06:52:46.461000+00:00,vehicle_breakdown,Old Airport Road,118.12879753333333,61.08878229531706,57.04001523801627
FKID003247,2024-03-29 06:53:57.952000+00:00,water_logging,ORR North 1,80.64387239999999,71.87243943366089,8.771432966339106
FKID003249,2024-03-29 06:56:17.058000+00:00,water_logging,Non-corridor,831.3955135166667,51.04187749310852,780.3536360235582
FKID003246,2024-03-29 06:56:47.321000+00:00,vehicle_breakdown,West of Chord Road,27.245910016666667,52.74499161896906,25.499081602302393
FKID003261,2024-03-29 07:07:55.384000+00:00,tree_fall,Mysore Road,185.27675816666667,40.11932021595247,145.1574379507142
FKID003260,2024-03-29 07:10:14.486000+00:00,vehicle_breakdown,Magadi Road,43.28897356666666,44.995965491722345,1.7069919250556822
FKID003259,2024-03-29 07:12:01.226000+00:00,vehicle_breakdown,Magadi Road,32.77034728333334,46.654084720718764,13.883737437385427
FKID003263,2024-03-29 07:14:17.159000+00:00,others,ORR East 2,52.82519771666667,123.9307866292331,71.10558891256642
FKID003264,2024-03-29 07:17:05.716000+00:00,water_logging,Non-corridor,33.98230143333333,69.94020928321189,35.95790784987855
FKID003269,2024-03-29 07:17:32.896000+00:00,water_logging,Mysore Road,841.5602696333333,47.926682394910856,793.6335872384225
FKID003270,2024-03-29 07:18:14.022000+00:00,water_logging,Non-corridor,31.003522133333334,72.20593728767712,41.20241515434378
FKID003265,2024-03-29 07:23:52.412000+00:00,tree_fall,Non-corridor,62.629011799999994,62.960440273917996,0.33142847391800245
FKID003267,2024-03-29 07:24:11.976000+00:00,tree_fall,West of Chord Road,2.361166116666667,94.91956264884467,92.55839653217801
FKID003274,2024-03-29 07:25:30.507000+00:00,water_logging,Non-corridor,70.98094761666667,73.6298139078873,2.648866291220628
FKID003284,2024-03-29 07:26:12.353000+00:00,congestion,Non-corridor,125.9162801,47.606347084171595,78.30993301582839
FKID003278,2024-03-29 07:26:12.353000+00:00,congestion,Non-corridor,1.9894772,47.606347084171595,45.61686988417159
FKID003281,2024-03-29 07:34:09.997000+00:00,water_logging,Non-corridor,846.7670525833333,73.77536384531574,772.9916887380176
FKID003288,2024-03-29 08:40:48.540000+00:00,vehicle_breakdown,Bellary Road 1,27.2819623,35.33605338431125,8.05409108431125
FKID003285,2024-03-29 08:48:47.039000+00:00,vehicle_breakdown,Non-corridor,108.5029804,53.596891733333464,54.906088666666534
FKID003290,2024-03-29 11:38:47.131000+00:00,water_logging,Non-corridor,81.68219065,107.64742118402616,25.965230534026162
FKID003292,2024-03-29 13:47:17.836000+00:00,accident,Non-corridor,28.093455249999998,64.10556908835731,36.012113838357315
FKID003301,2024-03-29 19:34:16.124000+00:00,vehicle_breakdown,Non-corridor,23.377118366666664,47.657278954994084,24.28016058832742
FKID003306,2024-03-29 19:57:25.759000+00:00,vehicle_breakdown,Non-corridor,57.63663505,38.94730883029077,18.68932621970923
FKID003303,2024-03-29 19:58:19.196000+00:00,construction,ORR East 2,397.89829058333333,175.906199732196,221.99209085113733
FKID003311,2024-03-29 20:41:42.652000+00:00,tree_fall,Non-corridor,486.97046405000003,101.82865985517056,385.1418041948295
FKID003310,2024-03-29 20:46:31.131000+00:00,accident,Tumkur Road,62.21196405,41.691545929506916,20.520418120493083
FKID003316,2024-03-29 21:00:27.474000+00:00,vehicle_breakdown,Hosur Road,46.13815655,51.744156299654534,5.605999749654536
FKID003325,2024-03-29 21:37:46.512000+00:00,vehicle_breakdown,Bellary Road 1,115.88590868333334,33.818831525939565,82.06707715739378
FKID003326,2024-03-29 21:56:00.962000+00:00,vehicle_breakdown,Tumkur Road,105.8915411,33.08423863344357,72.80730246655642
FKID003328,2024-03-29 22:34:59.910000+00:00,tree_fall,Non-corridor,40.36682893333333,96.21895492945326,55.85212599611993
FKID003341,2024-03-29 22:45:45.594000+00:00,tree_fall,Non-corridor,29.77319076666667,96.24276734128257,66.4695765746159
FKID003343,2024-03-29 23:12:38.455000+00:00,vehicle_breakdown,Bannerghata Road,79.09793438333332,33.36541086241037,45.73252352092295
FKID003342,2024-03-29 23:29:34.880000+00:00,vehicle_breakdown,Bellary Road 1,10.81146455,21.347549391530144,10.536084841530144
FKID003344,2024-03-30 00:13:23.167000+00:00,vehicle_breakdown,ORR West 1,15.052173633333332,48.329218086901896,33.277044453568564
FKID003358,2024-03-30 02:08:44.629000+00:00,vehicle_breakdown,ORR East 2,27.418236333333333,55.66315886821812,28.244922534884786
FKID003361,2024-03-30 03:08:34.493000+00:00,vehicle_breakdown,ORR East 1,30.649880516666666,45.75759086088533,15.107710344218663
FKID003363,2024-03-30 04:35:01.848000+00:00,vehicle_breakdown,Non-corridor,50.121874866666666,51.700812532798224,1.5789376661315586
FKID003365,2024-03-30 04:48:03.046000+00:00,vehicle_breakdown,Non-corridor,32.11716358333334,47.299772541082916,15.18260895774958
FKID003364,2024-03-30 04:55:04.618000+00:00,vehicle_breakdown,Magadi Road,60.88455116666667,36.66607588591266,24.218475280754006
FKID003367,2024-03-30 05:05:43.070000+00:00,others,Bellary Road 1,1273.2366011333334,52.49322749535603,1220.7433736379774
FKID003366,2024-03-30 05:10:01.534000+00:00,vehicle_breakdown,Old Madras Road,18.52816173333333,39.554174259519925,21.026012526186594
FKID003378,2024-03-30 05:17:52.962000+00:00,vehicle_breakdown,Hosur Road,107.0100683,48.75968694816092,58.25038135183908
FKID003368,2024-03-30 05:22:56.878000+00:00,vehicle_breakdown,Non-corridor,40.622727166666664,39.18868935734882,1.434037809317843
FKID003387,2024-03-30 08:32:43.489000+00:00,vehicle_breakdown,Non-corridor,45.149276816666664,38.26323044140131,6.886046375265352
FKID003391,2024-03-30 17:40:41.169000+00:00,tree_fall,Non-corridor,107.3134921,73.76077923950426,33.552712860495745
FKID003394,2024-03-30 19:34:10.996000+00:00,vehicle_breakdown,Non-corridor,6.343955466666667,40.49664518038724,34.15268971372058
FKID003395,2024-03-30 19:50:06.071000+00:00,vehicle_breakdown,Mysore Road,97.06916886666666,28.965629290613677,68.10353957605298
FKID003402,2024-03-30 20:53:51.926000+00:00,vehicle_breakdown,Non-corridor,109.45861035,55.441932969800106,54.016677380199894
FKID003396,2024-03-30 20:56:48.487000+00:00,pot_holes,ORR West 1,109.25430580000001,102.05963711746637,7.194668682533646
FKID003401,2024-03-30 21:38:31.245000+00:00,vehicle_breakdown,Non-corridor,16.730086149999998,38.38568868995951,21.65560253995951
FKID003416,2024-03-30 22:27:59.808000+00:00,vehicle_breakdown,Non-corridor,19.155355633333333,35.73292250823196,16.577566874898626
FKID003414,2024-03-30 23:26:18.189000+00:00,vehicle_breakdown,Tumkur Road,2.0504059,17.930529804286675,15.880123904286675
FKID003440,2024-03-31 01:02:55.990000+00:00,vehicle_breakdown,Non-corridor,110.94811854999999,34.627743768674065,76.32037478132592
FKID003429,2024-03-31 01:48:48.072000+00:00,vehicle_breakdown,Hosur Road,22.957331716666665,25.001138846199243,2.0438071295325777
FKID003430,2024-03-31 02:19:00.125000+00:00,others,Bellary Road 1,21.594104683333335,52.134135903757176,30.54003122042384
FKID003439,2024-03-31 02:24:11.328000+00:00,vehicle_breakdown,Non-corridor,12.062376916666667,46.649739237828136,34.58736232116147
FKID003436,2024-03-31 02:25:53.854000+00:00,vehicle_breakdown,Non-corridor,123.76114394999999,35.118629665636945,88.64251428436305
FKID003442,2024-03-31 03:09:42.295000+00:00,vehicle_breakdown,Bellary Road 1,19.97699008333333,29.24846454058661,9.27147445725328
FKID003443,2024-03-31 03:13:05.185000+00:00,vehicle_breakdown,Non-corridor,33.289917816666666,19.542444921769274,13.747472894897392
FKID003444,2024-03-31 03:54:47.986000+00:00,vehicle_breakdown,Tumkur Road,86.64108061666667,21.484155477983137,65.15692513868353
FKID003445,2024-03-31 04:19:14.260000+00:00,vehicle_breakdown,Non-corridor,4.059924333333333,34.78984556344405,30.729921230110712
FKID003452,2024-03-31 06:13:46.075000+00:00,others,Non-corridor,101.6763598,69.81397158191342,31.86238821808658
FKID003451,2024-03-31 06:40:30.789000+00:00,vehicle_breakdown,Non-corridor,8.768508033333335,24.807283009968724,16.038774976635388
FKID003458,2024-03-31 07:03:21.342000+00:00,vehicle_breakdown,Old Airport Road,122.7237518,38.48826161163564,84.23549018836437
FKID003459,2024-03-31 07:09:39.878000+00:00,vehicle_breakdown,Non-corridor,90.95861588333334,28.79539022298249,62.16322566035085
FKID003468,2024-03-31 19:17:43.540000+00:00,vehicle_breakdown,Bellary Road 1,24.24073986666667,48.40542331839216,24.16468345172549
FKID003469,2024-03-31 20:54:47.820000+00:00,vehicle_breakdown,ORR North 2,41.59923455,51.50466007555291,9.905425525552914
FKID003476,2024-03-31 22:19:42.475000+00:00,vehicle_breakdown,Mysore Road,18.0877439,36.846908213542946,18.759164313542946
FKID003484,2024-04-01 01:44:47.858000+00:00,others,IRR(Thanisandra road),65.08393731666666,84.44042253846304,19.356485221796376
FKID003486,2024-04-01 03:06:18.897000+00:00,vehicle_breakdown,Magadi Road,15.24906015,53.58418234708552,38.335122197085525
FKID003490,2024-04-01 03:23:13.620000+00:00,vehicle_breakdown,Non-corridor,131.94412271666667,58.27805516794506,73.6660675487216
FKID003493,2024-04-01 05:25:38.906000+00:00,others,Tumkur Road,92.57581136666666,122.88328620801454,30.307474841347883
FKID003497,2024-04-01 08:43:56.797000+00:00,accident,Bellary Road 2,111.00052843333333,49.9943213188102,61.00620711452313
FKID003499,2024-04-01 18:28:41.937000+00:00,vehicle_breakdown,ORR North 2,75.40505538333333,28.169380484541687,47.23567489879164
FKID003500,2024-04-01 18:53:03.655000+00:00,vehicle_breakdown,Non-corridor,68.49113005,42.60872563399246,25.88240441600754
FKID003511,2024-04-01 19:43:56.956000+00:00,vehicle_breakdown,ORR East 1,145.02591746666667,55.712581030717,89.31333643594968
FKID003507,2024-04-01 20:59:08.727000+00:00,others,Non-corridor,235.79430155,137.62303863941196,98.17126291058804
FKID003505,2024-04-01 21:00:57.436000+00:00,vehicle_breakdown,Old Airport Road,74.84090605,33.78623689051927,41.05466915948073
FKID003518,2024-04-02 00:25:28.394000+00:00,vehicle_breakdown,Old Airport Road,14.23674055,37.03839196927154,22.801651419271536
FKID003531,2024-04-02 02:10:08.003000+00:00,vehicle_breakdown,ORR North 1,37.87514003333333,35.625382518870104,2.2497575144632265
FKID003538,2024-04-02 05:00:50.267000+00:00,others,ORR North 2,30.405308533333333,58.678683437553545,28.273374904220212
FKID003535,2024-04-02 05:13:16.714000+00:00,vehicle_breakdown,Bellary Road 1,136.31685245,41.41883442961872,94.89801802038127
FKID003542,2024-04-02 06:12:04.412000+00:00,vehicle_breakdown,Mysore Road,40.551200216666665,24.060706705276814,16.49049351138985
FKID003544,2024-04-02 06:38:45.177000+00:00,vehicle_breakdown,Bannerghata Road,37.75064423333333,64.8779409343506,27.127296701017272
FKID003545,2024-04-02 06:49:30.630000+00:00,vehicle_breakdown,Bellary Road 1,79.2974488,42.186732998749754,37.110715801250244
FKID003552,2024-04-02 07:32:27.344000+00:00,vehicle_breakdown,Mysore Road,35.1868439,28.07612173662248,7.11072216337752
FKID003554,2024-04-02 08:58:07.976000+00:00,vehicle_breakdown,Mysore Road,70.84477651666666,20.707849113166475,50.13692740350018
FKID003562,2024-04-02 19:01:52.706000+00:00,vehicle_breakdown,Mysore Road,38.20066928333333,30.48270458486415,7.717964698469185
FKID003565,2024-04-02 19:51:57.701000+00:00,vehicle_breakdown,Varthur Road,46.857148433333336,46.943220566319745,0.08607213298640914
FKID003567,2024-04-02 20:24:24.222000+00:00,vehicle_breakdown,Non-corridor,64.38512095,44.989936429453415,19.395184520546586
FKID003564,2024-04-02 20:45:04.081000+00:00,others,Bellary Road 2,241.04827926666667,227.2403708623138,13.807908404352872
FKID003569,2024-04-02 20:54:32.794000+00:00,tree_fall,Tumkur Road,625.2399286,115.5504807432855,509.6894478567145
FKID003576,2024-04-02 22:57:39.308000+00:00,vehicle_breakdown,Bellary Road 1,15.27002655,19.369132340361567,4.099105790361566
FKID003580,2024-04-03 00:03:42.292000+00:00,vehicle_breakdown,Old Madras Road,58.26014678333333,37.68719730587451,20.57294947745882
FKID003581,2024-04-03 00:27:18.234000+00:00,vehicle_breakdown,Old Madras Road,34.93423536666667,36.915663104047255,1.981427737380585
FKID003587,2024-04-03 01:57:01.824000+00:00,vehicle_breakdown,Tumkur Road,59.305708083333336,31.3278030552481,27.977905028085235
FKID003592,2024-04-03 03:20:01.908000+00:00,vehicle_breakdown,ORR East 1,110.08692461666666,63.07589850560998,47.01102611105669
FKID003594,2024-04-03 03:31:30.763000+00:00,vehicle_breakdown,Mysore Road,115.65848086666666,24.040909039262488,91.61757182740418
FKID003595,2024-04-03 03:38:44.805000+00:00,vehicle_breakdown,Non-corridor,11.757047016666666,50.95533078953823,39.19828377287156
FKID003596,2024-04-03 04:59:48.351000+00:00,vehicle_breakdown,Mysore Road,41.90043643333333,23.07823152297552,18.82220491035781
FKID003599,2024-04-03 05:08:10.357000+00:00,others,Non-corridor,48.774039916666666,54.50934062308611,5.735300706419444
FKID003600,2024-04-03 05:13:42.275000+00:00,vehicle_breakdown,Non-corridor,61.62912321666667,53.291363033709786,8.337760182956885
FKID003604,2024-04-03 05:50:02.058000+00:00,vehicle_breakdown,Bellary Road 1,165.32164101666666,52.1163048654669,113.20533615119976
FKID003607,2024-04-03 06:34:08.261000+00:00,vehicle_breakdown,Tumkur Road,36.63884388333334,37.297414481361436,0.6585705980280991
FKID003617,2024-04-03 06:47:28.920000+00:00,water_logging,Non-corridor,200.69236025,41.290434722273275,159.40192552772675
FKID003616,2024-04-03 06:52:50.391000+00:00,water_logging,Bellary Road 1,166.96345176666668,63.36899421651507,103.59445755015162
FKID003618,2024-04-03 07:06:03.851000+00:00,tree_fall,ORR North 1,91.21919121666666,94.16548320140178,2.946291984735126
FKID003621,2024-04-03 07:09:54.594000+00:00,water_logging,Non-corridor,1006.1655060333334,54.946860485891236,951.2186455474422
FKID003620,2024-04-03 07:11:23.135000+00:00,tree_fall,Non-corridor,925.7372646833334,39.90219229711149,885.8350723862219
FKID003624,2024-04-03 07:12:10.845000+00:00,water_logging,Bellary Road 1,47.057578199999995,58.29535988338018,11.237781683380184
FKID003625,2024-04-03 07:18:03.945000+00:00,water_logging,Tumkur Road,290.6539000166667,115.67764033530037,174.97625968136632
FKID003628,2024-04-03 07:20:58.087000+00:00,others,Non-corridor,995.1403278833333,62.847231995738454,932.2930958875949
FKID003631,2024-04-03 07:24:11.255000+00:00,water_logging,Mysore Road,41.50739275,40.309544531024464,1.1978482189755368
FKID003633,2024-04-03 07:26:06.765000+00:00,tree_fall,Non-corridor,910.6879625166667,39.71726440508019,870.9706981115866
FKID003637,2024-04-03 07:42:22.344000+00:00,tree_fall,Tumkur Road,266.31099951666664,100.44281231949527,165.86818719717138
FKID003640,2024-04-03 07:43:26.029000+00:00,water_logging,Non-corridor,30.881768916666665,31.154424648136718,0.27265573147005284
FKID003643,2024-04-03 07:55:49.960000+00:00,tree_fall,Non-corridor,18.83196996666667,46.3360692837863,27.504099317119632
FKID003644,2024-04-03 08:00:10.675000+00:00,water_logging,Tumkur Road,22.479101616666664,118.29184849723866,95.81274688057199
FKID003648,2024-04-03 08:31:52.609000+00:00,vehicle_breakdown,Tumkur Road,27.599997716666667,30.431316590988857,2.8313188743221893
FKID003650,2024-04-03 08:35:45.197000+00:00,tree_fall,West of Chord Road,33.88522995,95.78765756315218,61.90242761315218
FKID003651,2024-04-03 08:44:43.840000+00:00,vehicle_breakdown,Tumkur Road,14.710999483333334,27.837878832993574,13.126879349660241
FKID003655,2024-04-03 09:49:00.728000+00:00,vehicle_breakdown,West of Chord Road,40.58120198333334,35.22322048750771,5.357981495825626
FKID003657,2024-04-03 10:16:05.969000+00:00,tree_fall,Non-corridor,32.49691728333333,72.82298938801634,40.32607210468301
FKID003665,2024-04-03 19:08:57.863000+00:00,others,West of Chord Road,72.12592303333332,135.2073553299381,63.08143229660479
FKID003664,2024-04-03 19:23:14.276000+00:00,vehicle_breakdown,Bellary Road 2,20.8340875,72.56879806240181,51.734710562401816
FKID003670,2024-04-03 20:18:23.041000+00:00,vehicle_breakdown,Bellary Road 2,96.70297571666667,71.49459759020858,25.208378126458086
FKID003673,2024-04-03 20:37:23.289000+00:00,construction,Non-corridor,46.820458583333334,190.8438222382891,144.02336365495577
FKID003684,2024-04-03 21:06:25.666000+00:00,vehicle_breakdown,Mysore Road,48.24166831666666,23.892821639402136,24.348846677264525
FKID003678,2024-04-03 21:10:34.720000+00:00,others,Non-corridor,63.648181349999994,77.39248387174173,13.744302521741737
FKID003685,2024-04-03 21:18:39.571000+00:00,tree_fall,Non-corridor,1.08053705,73.97373836706298,72.89320131706297
FKID003689,2024-04-03 21:31:02.061000+00:00,others,Bellary Road 1,72.40414826666667,49.923897965159995,22.480250301506672
FKID003688,2024-04-03 21:34:33.760000+00:00,tree_fall,Non-corridor,90.36818116666667,65.12272670768964,25.245454458977036
FKID003687,2024-04-03 21:36:31.983000+00:00,vehicle_breakdown,Non-corridor,25.400898083333335,26.226952392720573,0.8260543093872386
FKID003693,2024-04-03 21:57:39.937000+00:00,vehicle_breakdown,Bannerghata Road,122.30917251666666,50.44176798804448,71.86740452862219
FKID003692,2024-04-03 22:06:01.518000+00:00,vehicle_breakdown,Non-corridor,86.31497898333333,36.69606436497616,49.618914618357174
FKID003703,2024-04-03 22:56:27.469000+00:00,tree_fall,Non-corridor,1325.1664012074991,58.55280758985747,1266.6135936176418
FKID003712,2024-04-04 00:15:03.099000+00:00,vehicle_breakdown,Bellary Road 2,1.8602064833333332,46.44345802569915,44.583251542365815
FKID003719,2024-04-04 02:19:19.555000+00:00,pot_holes,ORR East 1,1197.5816577,116.49425220712226,1081.0874054928777
FKID003723,2024-04-04 04:31:32.539000+00:00,vehicle_breakdown,Varthur Road,14.215710583333333,49.542798856351915,35.32708827301858
FKID003725,2024-04-04 04:35:23.433000+00:00,vehicle_breakdown,Non-corridor,39.16560811666667,40.06109223996162,0.8954841232949491
FKID003726,2024-04-04 04:45:11.168000+00:00,vehicle_breakdown,Bellary Road 1,35.277599050000006,32.11520135819378,3.162397691806227
FKID003724,2024-04-04 04:51:09.391000+00:00,vehicle_breakdown,Non-corridor,30.141555516666664,47.7508931164347,17.60933759976804
FKID003730,2024-04-04 05:38:15.941000+00:00,pot_holes,Non-corridor,226.26411701666666,55.119357360141514,171.14475965652514
FKID003733,2024-04-04 05:40:26.963000+00:00,vehicle_breakdown,Tumkur Road,112.07015633333334,44.91795982968542,67.15219650364793
FKID003745,2024-04-04 07:20:48.669000+00:00,vehicle_breakdown,ORR North 2,123.6661835,22.925582900449477,100.74060059955053
FKID003739,2024-04-04 08:06:02.788000+00:00,accident,Bellary Road 2,61.258163683333336,63.040004145645746,1.7818404623124096
FKID003743,2024-04-04 08:56:41.157000+00:00,vehicle_breakdown,Non-corridor,21.601343216666667,35.7546892251404,14.153346008473736
FKID003747,2024-04-04 10:00:34.986000+00:00,vehicle_breakdown,Mysore Road,2.5509378833333334,31.306691944670508,28.755754061337175
FKID003754,2024-04-04 20:34:19.274000+00:00,vehicle_breakdown,Tumkur Road,25.809777583333336,43.24501662503676,17.435239041703426
FKID003765,2024-04-04 22:43:43.742000+00:00,vehicle_breakdown,Non-corridor,40.9466631,43.984321670832074,3.037658570832072
FKID003776,2024-04-05 01:59:12.650000+00:00,vehicle_breakdown,Mysore Road,76.01981826666666,14.985474629447534,61.03434363721912
FKID003774,2024-04-05 02:08:26.551000+00:00,vehicle_breakdown,Non-corridor,24.558310283333334,54.10649255014621,29.548182266812873
FKID003782,2024-04-05 04:52:18.644000+00:00,vehicle_breakdown,Non-corridor,27.298359316666666,30.056900756213484,2.7585414395468177
FKID003784,2024-04-05 05:13:30.592000+00:00,vehicle_breakdown,Non-corridor,19.6133014,26.894971866599032,7.2816704665990315
FKID003785,2024-04-05 05:45:36.677000+00:00,vehicle_breakdown,Tumkur Road,22.866417416666664,41.293910046072945,18.42749262940628
FKID003787,2024-04-05 06:18:15.677000+00:00,vehicle_breakdown,Bellary Road 1,65.88227233333333,35.79993235826876,30.08233997506457
FKID003786,2024-04-05 06:22:26.536000+00:00,vehicle_breakdown,Mysore Road,4.514547266666667,26.20172024909944,21.687172982432774
FKID003793,2024-04-05 07:08:34.447000+00:00,vehicle_breakdown,Magadi Road,65.73336365,49.69821991778563,16.035143732214372
FKID003805,2024-04-05 07:57:03.165000+00:00,water_logging,Hosur Road,142.49620595,104.14922217422334,38.34698377577665
FKID003806,2024-04-05 07:58:48.272000+00:00,water_logging,Hosur Road,142.60774456666667,92.42993365588329,50.17781091078338
FKID003802,2024-04-05 08:00:36.068000+00:00,water_logging,Bannerghata Road,48.68090058333333,108.23643598114577,59.55553539781244
FKID003804,2024-04-05 08:07:44.243000+00:00,vehicle_breakdown,Non-corridor,61.2069801,21.237605545240243,39.96937455475976
FKID003815,2024-04-05 08:17:31.222000+00:00,tree_fall,Non-corridor,1325.1664012074991,111.00908594810163,1214.1573152593976
FKID003820,2024-04-05 08:18:12.097000+00:00,vehicle_breakdown,Non-corridor,32.297003716666666,31.83331628997802,0.46368742668864726
FKID003813,2024-04-05 08:24:04.921000+00:00,tree_fall,ORR West 1,72.61775473333334,103.082959950467,30.465205217133658
FKID003811,2024-04-05 08:24:37.664000+00:00,tree_fall,Non-corridor,16.979280016666667,96.01824791306396,79.0389678963973
FKID003812,2024-04-05 08:25:15.248000+00:00,water_logging,Non-corridor,40.03074528333333,99.27141325925493,59.240667975921596
FKID003814,2024-04-05 08:30:32.804000+00:00,tree_fall,Non-corridor,96.0607281,107.43381801805215,11.373089918052145
FKID003825,2024-04-05 08:37:23.483000+00:00,water_logging,ORR West 1,1325.1664012074991,154.68983331005683,1170.4765678974422
FKID003824,2024-04-05 09:08:53.845000+00:00,water_logging,Hosur Road,49.00152443333333,130.00155430501033,81.000029871677
FKID003836,2024-04-05 09:15:28.333000+00:00,tree_fall,Non-corridor,548.7531228,75.78115628527347,472.97196651472655
FKID003835,2024-04-05 09:19:38.657000+00:00,water_logging,Non-corridor,16.5208074,95.82515148604463,79.30434408604464
FKID003838,2024-04-05 09:30:26.419000+00:00,tree_fall,Non-corridor,1320.4380149333333,133.7250380012052,1186.7129769321282
FKID003878,2024-04-05 10:23:30.046000+00:00,tree_fall,Non-corridor,952.3543390833333,108.44100030034468,843.9133387829886
FKID003845,2024-04-05 10:38:04.581000+00:00,tree_fall,Non-corridor,536.49335105,107.30015390585864,429.1931971441414
FKID003846,2024-04-05 18:20:56.451000+00:00,vehicle_breakdown,Bellary Road 1,48.2565839,29.300069305198413,18.95651459480159
FKID003857,2024-04-05 20:55:48.395000+00:00,vehicle_breakdown,Non-corridor,45.58134771666666,57.813312202653684,12.231964485987021
FKID003858,2024-04-05 21:04:33.462000+00:00,tree_fall,Non-corridor,300.69633755,123.89474946708083,176.80158808291918
FKID003869,2024-04-05 22:03:45.034000+00:00,tree_fall,West of Chord Road,155.89571066666667,82.46806068323365,73.42764998343303
FKID003877,2024-04-06 01:19:16.824000+00:00,vehicle_breakdown,Mysore Road,26.13505413333333,19.40755874620138,6.727495387131949
FKID003882,2024-04-06 01:47:19.887000+00:00,vehicle_breakdown,Old Madras Road,35.63385138333333,41.31873597293463,5.684884589601303
FKID003884,2024-04-06 02:38:49.599000+00:00,vehicle_breakdown,Tumkur Road,14.8788692,25.68139002666924,10.802520826669241
FKID003890,2024-04-06 03:57:20.981000+00:00,vehicle_breakdown,Non-corridor,10.893157416666666,22.560601712244676,11.66744429557801
FKID003893,2024-04-06 04:43:45.012000+00:00,vehicle_breakdown,Non-corridor,48.53696371666667,38.12969782557826,10.407265891088407
FKID003894,2024-04-06 04:48:59.979000+00:00,vehicle_breakdown,Mysore Road,58.50245235,37.68822132856476,20.81423102143524
FKID003900,2024-04-06 05:53:28.166000+00:00,others,Magadi Road,14.85765895,95.05756578816634,80.19990683816634
FKID003917,2024-04-06 06:41:39.643000+00:00,water_logging,Non-corridor,63.20659305,24.275102364234968,38.931490685765034
FKID003912,2024-04-06 06:41:44.411000+00:00,water_logging,Mysore Road,34.89283663333333,38.405232348545894,3.5123957152125627
FKID003914,2024-04-06 06:42:29.675000+00:00,water_logging,Non-corridor,948.7411337666667,37.49213507674501,911.2489986899217
FKID003918,2024-04-06 06:45:24.093000+00:00,water_logging,Mysore Road,214.58835468333334,45.83867280708031,168.74968187625302
FKID003924,2024-04-06 06:45:33.994000+00:00,water_logging,Bellary Road 1,160.49394478333335,73.93380716567772,86.56013761765563
FKID003910,2024-04-06 06:46:10.198000+00:00,water_logging,ORR North 2,106.64748336666666,72.81417586655276,33.833307500113904
FKID003927,2024-04-06 06:54:02.433000+00:00,water_logging,Mysore Road,1.20292415,44.289159515068334,43.08623536506833
FKID003936,2024-04-06 06:54:26.926000+00:00,water_logging,Non-corridor,1325.1664012074991,25.38266319552723,1299.783738011972
FKID003928,2024-04-06 06:55:15.076000+00:00,water_logging,Mysore Road,102.53868266666667,44.289159515068334,58.24952315159834
FKID003937,2024-04-06 06:55:28.568000+00:00,water_logging,ORR North 1,46.07936715,126.60959947327414,80.53023232327413
FKID003932,2024-04-06 06:58:56.047000+00:00,water_logging,ORR East 1,2.4512035666666665,121.95548140560832,119.50427783894166
FKID003931,2024-04-06 07:03:18.365000+00:00,water_logging,Old Madras Road,65.57669031666667,94.23866014642535,28.661969829758675
FKID003944,2024-04-06 07:07:41.135000+00:00,tree_fall,Non-corridor,44.1921915,26.058514126556812,18.133677373443188
FKID003947,2024-04-06 07:07:54.219000+00:00,water_logging,Non-corridor,130.15376253333335,26.07332318293203,104.08043935040132
FKID003942,2024-04-06 07:09:22.808000+00:00,water_logging,Mysore Road,32.478422933333334,44.78724108081665,12.308818147483315
FKID003946,2024-04-06 07:15:51.731000+00:00,others,Non-corridor,56.71689196666667,26.292395427949298,30.424496538717374
FKID003948,2024-04-06 07:16:26.413000+00:00,tree_fall,Tumkur Road,1153.7935038666667,96.18150925577734,1057.6119946108893
FKID003949,2024-04-06 07:17:23.696000+00:00,water_logging,Tumkur Road,1325.1664012074991,81.45300191578802,1243.713399291711
FKID003951,2024-04-06 07:18:43.916000+00:00,water_logging,Mysore Road,14.584563283333333,46.30564908341301,31.721085800079678
FKID003962,2024-04-06 07:26:56.324000+00:00,water_logging,Varthur Road,35.91581583333333,94.39519991586107,58.47938408252774
FKID003967,2024-04-06 07:37:42.658000+00:00,tree_fall,Non-corridor,64.03180449999999,26.010815688425968,38.02098881157403
FKID003964,2024-04-06 07:45:41.700000+00:00,others,Non-corridor,1325.1664012074991,41.22305982812735,1283.9433413793718
FKID003968,2024-04-06 07:59:06.960000+00:00,tree_fall,Non-corridor,77.13955258333334,22.783326495668316,54.35622608766502
FKID003977,2024-04-06 08:19:24.252000+00:00,vehicle_breakdown,Tumkur Road,16.6484411,27.04971584864904,10.40127474864904
FKID003989,2024-04-06 18:59:22.199000+00:00,vehicle_breakdown,Non-corridor,15.931807983333334,31.58306628916487,15.651258305831535
FKID003997,2024-04-06 19:10:05.757000+00:00,tree_fall,Old Madras Road,54.21143968333333,129.38039113296912,75.16895144963578
FKID003994,2024-04-06 19:19:35.872000+00:00,vehicle_breakdown,Old Madras Road,35.37574233333333,41.91530663666235,6.539564303329023
FKID003998,2024-04-06 19:24:51.724000+00:00,others,Old Madras Road,623.1539982833333,135.83241046982099,487.32158781351234
FKID003996,2024-04-06 19:42:43.201000+00:00,vehicle_breakdown,Old Madras Road,21.099181166666664,64.87007229928109,43.77089113261442
FKID004003,2024-04-06 20:14:40.406000+00:00,tree_fall,Non-corridor,38.38311856666667,48.41881676610143,10.035698199434762
FKID004012,2024-04-06 21:13:02.448000+00:00,vehicle_breakdown,Old Madras Road,93.39061898333333,67.77989920154627,25.610719781787054
FKID004004,2024-04-06 21:18:56.168000+00:00,vehicle_breakdown,Non-corridor,48.38570516666667,39.105135091672736,9.280570074993932
FKID004005,2024-04-06 21:48:09.016000+00:00,water_logging,Non-corridor,100.97545570000001,50.39170953206268,50.583746167937335
FKID004015,2024-04-06 22:50:22.873000+00:00,tree_fall,Bannerghata Road,30.045177533333334,123.18004484885063,93.1348673155173
FKID004020,2024-04-06 23:39:25.869000+00:00,vehicle_breakdown,Mysore Road,86.21060556666666,19.66015436469515,66.55045120197151
FKID004026,2024-04-07 00:09:16.756000+00:00,vehicle_breakdown,Non-corridor,13.937764283333333,37.01569940864504,23.077935125311708
FKID004027,2024-04-07 00:45:43.663000+00:00,vehicle_breakdown,Non-corridor,21.3044091,20.37059110587505,0.9338179941249507
FKID004030,2024-04-07 00:58:06.443000+00:00,others,Mysore Road,306.1306395666667,49.49185914358691,256.63878042307977
FKID004033,2024-04-07 01:09:37.916000+00:00,vehicle_breakdown,Bellary Road 1,62.002885516666666,27.870861153406192,34.13202436326047
FKID004032,2024-04-07 01:40:11.985000+00:00,vehicle_breakdown,CBD 2,4.8932101999999995,52.383927462911444,47.490717262911446
FKID004034,2024-04-07 02:12:05.994000+00:00,vehicle_breakdown,Non-corridor,16.351039883333335,35.69171584996845,19.340675966635118
FKID004038,2024-04-07 02:35:52.603000+00:00,vehicle_breakdown,Tumkur Road,100.47900773333335,22.38695558912291,78.09205214421044
FKID004042,2024-04-07 02:48:34.116000+00:00,others,Non-corridor,31.60635735,61.31839581632411,29.712038466324113
FKID004039,2024-04-07 03:01:08.935000+00:00,vehicle_breakdown,CBD 2,6.410764866666667,49.76787556190105,43.35711069523438
FKID004040,2024-04-07 03:02:14.957000+00:00,vehicle_breakdown,Non-corridor,149.70177753333334,38.750784461314694,110.95099307201865
FKID004044,2024-04-07 04:02:21.409000+00:00,vehicle_breakdown,Non-corridor,42.76717533333333,28.80694875930758,13.960226574025747
FKID004046,2024-04-07 04:06:41.942000+00:00,vehicle_breakdown,Non-corridor,82.94842686666667,44.32959325293512,38.618833613731546
FKID004053,2024-04-07 04:46:58.077000+00:00,vehicle_breakdown,Magadi Road,82.63382763333334,33.2287380033902,49.40508962994314
FKID004052,2024-04-07 04:47:03.372000+00:00,vehicle_breakdown,Tumkur Road,117.5478197,30.270353841535865,87.27746585846414
FKID004056,2024-04-07 04:51:00.762000+00:00,vehicle_breakdown,IRR(Thanisandra road),60.60606776666667,33.80551078791989,26.800556978746776
FKID004055,2024-04-07 05:14:05.706000+00:00,accident,Tumkur Road,26.873762566666667,25.12572484288199,1.7480377237846767
FKID004054,2024-04-07 05:31:01.855000+00:00,vehicle_breakdown,Tumkur Road,9.90734335,31.173211651523225,21.265868301523227
FKID004061,2024-04-07 06:00:25.656000+00:00,vehicle_breakdown,Mysore Road,103.61959628333334,24.7733524453304,78.84624383800293
FKID004063,2024-04-07 06:03:09.345000+00:00,tree_fall,Non-corridor,53.07258183333333,21.397960311844678,31.674621521488653
FKID004059,2024-04-07 06:21:32.505000+00:00,pot_holes,Non-corridor,103.51557583333333,44.130715528736445,59.384860304596884
FKID004069,2024-04-07 06:24:53.416000+00:00,tree_fall,Bellary Road 1,1266.6776086833333,132.85594196049894,1133.8216667228344
FKID004066,2024-04-07 06:26:51.405000+00:00,water_logging,Magadi Road,256.12679966666667,93.56433950722078,162.5624601594459
FKID004064,2024-04-07 07:06:50.491000+00:00,vehicle_breakdown,Bellary Road 1,116.56037328333333,35.10223246729123,81.4581408160421
FKID004074,2024-04-07 07:38:39.412000+00:00,vehicle_breakdown,ORR West 1,42.17753376666667,36.60013371480595,5.577400051860721
FKID004078,2024-04-07 08:39:17.406000+00:00,vehicle_breakdown,Non-corridor,49.50281723333333,34.281799733258175,15.221017500075156
FKID004081,2024-04-07 09:53:33.612000+00:00,vehicle_breakdown,ORR North 2,59.8490193,24.628716933311225,35.22030236668878
FKID004086,2024-04-07 19:19:05.176000+00:00,vehicle_breakdown,Mysore Road,49.959164333333334,26.439630665739923,23.51953366759341
FKID004092,2024-04-07 20:36:30.257000+00:00,procession,Non-corridor,91.63820131666667,53.793571175324516,37.84463014134215
FKID004099,2024-04-07 21:55:52.106000+00:00,vehicle_breakdown,Bellary Road 1,10.468071333333334,37.33392017937955,26.865848846046212
FKID004111,2024-04-08 02:33:27.447000+00:00,vehicle_breakdown,Non-corridor,16.323145383333333,56.78724488558148,40.464099502248146
FKID004114,2024-04-08 02:58:54.820000+00:00,vehicle_breakdown,Old Madras Road,26.570824366666667,40.70640622525543,14.135581858588761
FKID004116,2024-04-08 03:01:21.198000+00:00,vehicle_breakdown,Bellary Road 1,51.01353958333333,45.57192793854937,5.441611644783961
FKID004113,2024-04-08 07:46:41.053000+00:00,others,Non-corridor,25.01378635,50.16404070040371,25.15025435040371
FKID004118,2024-04-08 07:49:18.629000+00:00,water_logging,Non-corridor,34.769885716666664,61.8415870370531,27.07170132038644
FKID004120,2024-04-08 11:18:02.081000+00:00,vehicle_breakdown,Tumkur Road,35.686632450000005,30.288444493652065,5.39818795634794
